{
  "model": "lgbm",
  "hpo_method": "optuna",
  "best_params": {
    "num_leaves": 78,
    "learning_rate": 0.045653104722483615,
    "n_estimators": 106,
    "min_child_samples": 39,
    "subsample": 0.6227277433521733,
    "colsample_bytree": 0.8458880811745431,
    "reg_alpha": 9.832638361455777e-07,
    "reg_lambda": 4.2845095906034854e-07
  },
  "best_score_mae": 15.657838993250294,
  "optimized_at": "2025-12-21 10:31:44",
  "n_trials": 50,
  "sampler": "TPESampler"
}