MAE,RMSE,R2,Pearson_r,Pearson_p,Spearman_rho,Spearman_p,Acc@1,Acc@5,Acc@10,Exact,severity_accuracy
13.737062261890678,14.25830552476622,-2.348867429555203,-0.8612624352516833,0.13873756474831667,-0.7999999999999999,0.20000000000000007,0.0,0.0,0.25,0.0,0.25
