QA_real,QA_pred_cont,QA_pred_int,severity_real,severity_pred,error_cont,error_int,abs_error_int,patient_id
77.3,62.48666666666667,62,Mild,Moderate,-14.813333333333325,-15.299999999999997,15.299999999999997,TCU02a
83.8,62.48666666666667,62,Mild,Moderate,-21.313333333333325,-21.799999999999997,21.799999999999997,TCU04a
62.6,69.04074074074074,69,Moderate,Moderate,6.440740740740743,6.399999999999999,6.399999999999999,TCU06a
77.6,62.48666666666667,62,Mild,Moderate,-15.113333333333323,-15.599999999999994,15.599999999999994,TCU10a
