QA_real,QA_pred_cont,QA_pred_int,severity_real,severity_pred,error_cont,error_int,abs_error_int,patient_id
77.3,64.80696842576184,65,Mild,Moderate,-12.49303157423816,-12.299999999999997,12.299999999999997,TCU02a
83.8,64.80328014461445,65,Mild,Moderate,-18.99671985538555,-18.799999999999997,18.799999999999997,TCU04a
62.6,71.08153058489437,71,Moderate,Moderate,8.481530584894365,8.399999999999999,8.399999999999999,TCU06a
77.6,62.62303296695536,63,Mild,Moderate,-14.976967033044637,-14.599999999999994,14.599999999999994,TCU10a
