MAE,RMSE,R2,Pearson_r,Pearson_p,Spearman_rho,Spearman_p,Acc@1,Acc@5,Acc@10,Exact,severity_accuracy
14.42018518518518,15.358946968754918,-2.885840804505684,-0.9429273330070578,0.05707266699294222,-0.7745966692414834,0.22540333075851657,0.0,0.0,0.25,0.0,0.25
