CIP,QA,pred,err
02_002,46.8,49.896984,3.0969849
02_003,41.2,67.04592,25.84592
02_007,41.8,56.05105,14.251049
02_008,82.6,53.696667,-28.903332
TCU02a,77.3,85.91189,8.611885
TCU04a,83.8,73.60856,-10.191444
TCU06a,62.6,64.749435,2.149437
TCU10a,77.6,69.860115,-7.7398834
