QA_real,QA_pred_cont,QA_pred_int,severity_real,severity_pred,error_cont,error_int,abs_error_int,patient_id
77.3,21.87298209570975,22,Mild,Very Severe,-55.427017904290246,-55.3,55.3,TCU02a
83.8,33.090298183377875,33,Mild,Severe,-50.70970181662212,-50.8,50.8,TCU04a
62.6,35.52405553976515,36,Moderate,Severe,-27.07594446023485,-26.6,26.6,TCU06a
77.6,28.94727004624985,29,Mild,Severe,-48.65272995375014,-48.599999999999994,48.599999999999994,TCU10a
