MAE,RMSE,R2,Pearson_r,Pearson_p,Spearman_rho,Spearman_p,Acc@1,Acc@5,Acc@10,Exact,severity_accuracy
45.31025252525252,47.15358859542711,-35.62617977661994,-0.8440408090601059,0.15595919093989408,-0.19999999999999998,0.8,0.0,0.0,0.0,0.0,0.0
