MAE,RMSE,R2,Pearson_r,Pearson_p,Spearman_rho,Spearman_p,Acc@1,Acc@5,Acc@10,Exact,severity_accuracy
45.466348533724336,46.75420588690257,-35.00837249677035,-0.3877866562115207,0.6122133437884794,-0.19999999999999998,0.8,0.0,0.0,0.0,0.0,0.0
