CIP,QA,pred_cal,pred_cal_int,abs_err_cal,abs_err_cal_int
02_002,46.8,58.87454545454546,59,12.074545454545465,12.200000000000003
02_003,41.2,58.87454545454546,59,17.67454545454546,17.799999999999997
02_007,41.8,64.25,64,22.450000000000003,22.200000000000003
02_008,82.6,58.87454545454546,59,23.725454545454532,23.599999999999994
TCU02a,77.3,58.87454545454546,59,18.425454545454535,18.299999999999997
TCU04a,83.8,64.25,64,19.549999999999997,19.799999999999997
TCU06a,62.6,58.87454545454546,59,3.7254545454545394,3.6000000000000014
TCU10a,77.6,68.83055555555556,69,8.769444444444431,8.599999999999994
