CIP,QA,pred_cal,pred_cal_int,abs_err_cal,abs_err_cal_int
01_001,44.3,58.87454545454546,59,14.574545454545465,14.700000000000003
01_003,34.7,58.87454545454546,59,24.17454545454546,24.299999999999997
01_004,87.7,58.87454545454546,59,28.82545454545454,28.700000000000003
01_005,94.9,58.87454545454546,59,36.025454545454544,35.900000000000006
01_007,96.7,58.87454545454546,59,37.82545454545454,37.7
