CIP,QA,pred,pred_int,abs_err,abs_err_int
01_001,44.3,56.87942652412989,57,12.579426524129893,12.700000000000003
01_003,34.7,56.8794260439597,57,22.179426043959694,22.299999999999997
01_004,87.7,56.710095832346745,57,30.989904167653258,30.700000000000003
01_005,94.9,56.845676558410986,57,38.05432344158902,37.900000000000006
01_007,96.7,59.71015267827582,60,36.989847321724184,36.7
