CIP,QA,pred,pred_int,abs_err,abs_err_int
02_002,46.8,56.87874460031512,57,10.078744600315126,10.200000000000003
02_003,41.2,56.87942652412989,57,15.679426524129887,15.799999999999997
02_007,41.8,63.56352026893944,64,21.763520268939445,22.200000000000003
02_008,82.6,56.4982033374016,56,26.101796662598396,26.599999999999994
TCU02a,77.3,57.05987651864747,57,20.240123481352526,20.299999999999997
TCU04a,83.8,63.44504898260277,63,20.354951017397227,20.799999999999997
TCU06a,62.6,57.0604112526778,57,5.539588747322199,5.600000000000001
TCU10a,77.6,64.27199373775196,64,13.328006262248039,13.599999999999994
