CIP,QA,pred_cal,err_cal
01_001,44.3,58.323076923076925,14.023076923076928
01_003,34.7,58.323076923076925,23.623076923076923
01_004,87.7,64.03260869565219,-23.667391304347817
01_005,94.9,64.03260869565219,-30.86739130434782
01_007,96.7,64.03260869565219,-32.66739130434782
