QA_real,QA_pred_cont,QA_pred_int,severity_real,severity_pred,error_cont,error_int,abs_error_int,CIP
44.3,51.157142857142865,51,Severe,Moderate,6.857142857142868,6.700000000000003,6.700000000000003,01_001
34.7,51.157142857142865,51,Severe,Moderate,16.457142857142863,16.299999999999997,16.299999999999997,01_003
87.7,51.157142857142865,51,Mild,Moderate,-36.54285714285714,-36.7,36.7,01_004
94.9,51.157142857142865,51,Mild,Moderate,-43.74285714285714,-43.900000000000006,43.900000000000006,01_005
96.7,60.67777777777778,61,Mild,Moderate,-36.022222222222226,-35.7,35.7,01_007
46.8,51.157142857142865,51,Severe,Moderate,4.357142857142868,4.200000000000003,4.200000000000003,02_002
41.2,51.157142857142865,51,Severe,Moderate,9.957142857142863,9.799999999999997,9.799999999999997,02_003
41.8,74.06176470588235,74,Severe,Moderate,32.26176470588236,32.2,32.2,02_007
82.6,51.157142857142865,51,Mild,Moderate,-31.44285714285713,-31.599999999999994,31.599999999999994,02_008
