QA_real,QA_pred_cont,QA_pred_int,severity_real,severity_pred,error_cont,error_int,abs_error_int,CIP
44.3,53.990755730015515,54,Severe,Moderate,9.690755730015518,9.700000000000003,9.700000000000003,01_001
34.7,53.98991009040765,54,Severe,Moderate,19.289910090407645,19.299999999999997,19.299999999999997,01_003
87.7,53.83040795453785,54,Mild,Moderate,-33.869592045462156,-33.7,33.7,01_004
94.9,53.95412479017814,54,Mild,Moderate,-40.945875209821864,-40.900000000000006,40.900000000000006,01_005
96.7,57.47420828133843,57,Mild,Moderate,-39.225791718661576,-39.7,39.7,01_007
46.8,53.971885734635045,54,Severe,Moderate,7.1718857346350475,7.200000000000003,7.200000000000003,02_002
41.2,53.990755730015515,54,Severe,Moderate,12.790755730015512,12.799999999999997,12.799999999999997,02_003
41.8,72.05305155578182,72,Severe,Moderate,30.253051555781823,30.200000000000003,30.200000000000003,02_007
82.6,54.2439425356183,54,Mild,Moderate,-28.356057464381692,-28.599999999999994,28.599999999999994,02_008
