QA_real,QA_pred_cont,QA_pred_int,severity_real,severity_pred,error_cont,error_int,abs_error_int,CIP
77.3,67.5937257833122,68,Mild,Moderate,-9.706274216687802,-9.299999999999997,9.299999999999997,TCU02a
83.8,70.35285439199993,70,Mild,Moderate,-13.44714560800007,-13.799999999999997,13.799999999999997,TCU04a
62.6,55.932775427784186,56,Moderate,Moderate,-6.667224572215815,-6.600000000000001,6.600000000000001,TCU06a
77.6,70.01927541913969,70,Mild,Moderate,-7.580724580860306,-7.599999999999994,7.599999999999994,TCU10a
