fold,mae,n_trials
1,10.892573122708303,1
2,11.968656884706936,1
3,11.28517225013589,1
4,10.08845049293296,1
