QA_real,QA_pred_cont,QA_pred_int,severity_real,severity_pred,error_cont,error_int,abs_error_int,patient_id
77.3,40.11,40,Mild,Severe,-37.19,-37.3,37.3,TCU02a
83.8,57.09714285714286,57,Mild,Moderate,-26.702857142857134,-26.799999999999997,26.799999999999997,TCU04a
62.6,73.9235294117647,74,Moderate,Moderate,11.323529411764703,11.399999999999999,11.399999999999999,TCU06a
77.6,60.34000000000001,60,Mild,Moderate,-17.259999999999984,-17.599999999999994,17.599999999999994,TCU10a
