QA_real,QA_pred_cont,QA_pred_int,severity_real,severity_pred,error_cont,error_int,abs_error_int,patient_id
77.3,46.64228,47,Mild,Severe,-30.657719421386716,-30.299999999999997,30.299999999999997,TCU02a
83.8,56.575886,57,Mild,Moderate,-27.22411422729492,-26.799999999999997,26.799999999999997,TCU04a
62.6,77.74114,78,Moderate,Mild,15.141142272949217,15.399999999999999,15.399999999999999,TCU06a
77.6,64.430016,64,Mild,Moderate,-13.16998443603515,-13.599999999999994,13.599999999999994,TCU10a
