MAE,RMSE,R2,Pearson_r,Pearson_p,Spearman_rho,Spearman_p,Acc@1,Acc@5,Acc@10,Exact,severity_accuracy
21.548240089416502,22.824059865394084,-7.5811979078002825,-0.7648736430116952,0.23512635698830486,-0.39999999999999997,0.6,0.0,0.0,0.0,0.0,0.0
