MAE,RMSE,R2,Pearson_r,Pearson_p,Spearman_rho,Spearman_p,Acc@1,Acc@5,Acc@10,Exact,severity_accuracy
23.119096638655456,25.111096142596683,-9.387079708562403,-0.6403714876908578,0.35962851230914206,-0.39999999999999997,0.6,0.0,0.0,0.0,0.0,0.25
