CIP,QA,pred,err
02_002,46.8,58.470643811068804,11.670643811068807
02_003,41.2,58.47064368184145,17.27064368184145
02_007,41.8,62.70361129823404,20.90361129823404
02_008,82.6,58.4636224778095,-24.136377522190493
TCU02a,77.3,68.24476601279792,-9.055233987202072
TCU04a,83.8,64.88390631737037,-18.916093682629622
TCU06a,62.6,56.69374010241049,-5.906259897589514
TCU10a,77.6,65.98013884067167,-11.619861159328323
