CIP,QA,pred,err
01_001,44.3,64.52324,20.22324
01_003,34.7,53.701195,19.001194
01_004,87.7,58.352318,-29.34768
01_005,94.9,60.996773,-33.90323
01_007,96.7,56.345512,-40.354485
