QA_real,QA_pred_cont,QA_pred_int,severity_real,severity_pred,error_cont,error_int,abs_error_int,patient_id
77.3,56.14707920804945,56,Mild,Moderate,-21.15292079195055,-21.299999999999997,21.299999999999997,TCU02a
83.8,60.91030323615921,61,Mild,Moderate,-22.88969676384079,-22.799999999999997,22.799999999999997,TCU04a
62.6,42.10478982060188,42,Moderate,Severe,-20.49521017939812,-20.6,20.6,TCU06a
77.6,50.353656343550604,50,Mild,Severe,-27.24634365644939,-27.599999999999994,27.599999999999994,TCU10a
