MAE,RMSE,R2,Pearson_r,Pearson_p,Spearman_rho,Spearman_p,Acc@1,Acc@5,Acc@10,Exact,severity_accuracy
22.946042847909716,23.096542809012355,-7.787312635159372,0.9421465488425808,0.05785345115741913,0.7999999999999999,0.20000000000000007,0.0,0.0,0.0,0.0,0.0
