QA_real,QA_pred_cont,QA_pred_int,severity_real,severity_pred,error_cont,error_int,abs_error_int,patient_id
77.3,50.25714285714285,50,Mild,Severe,-27.042857142857144,-27.299999999999997,27.299999999999997,TCU02a
83.8,60.503125000000004,61,Mild,Moderate,-23.296874999999993,-22.799999999999997,22.799999999999997,TCU04a
62.6,39.63333333333333,40,Moderate,Severe,-22.96666666666667,-22.6,22.6,TCU06a
77.6,44.19122807017544,44,Mild,Severe,-33.40877192982455,-33.599999999999994,33.599999999999994,TCU10a
