MAE,RMSE,R2,Pearson_r,Pearson_p,Spearman_rho,Spearman_p,Acc@1,Acc@5,Acc@10,Exact,severity_accuracy
26.67879268483709,27.007750400817425,-11.015419698557276,0.8549735764324011,0.14502642356759887,0.7999999999999999,0.20000000000000007,0.0,0.0,0.0,0.0,0.0
