group,sum,mean,count
LEX,40.69681407876625,0.616618395132822,66
DEN,22.75274148725802,0.812597910259215,28
DYS,6.00846530831353,0.27311205946879685,22
