group,sum,mean,count
LEX,8.423919896769295,0.12763514995104994,66
DEN,7.139346187112367,0.2549766495397274,28
DYS,1.1848263873852811,0.053855744881149144,22
