QA_real,QA_pred_cont,QA_pred_int,severity_real,severity_pred,error_cont,error_int,abs_error_int,CIP
77.3,69.85384615384615,70,Mild,Moderate,-7.446153846153848,-7.299999999999997,7.299999999999997,TCU02a
83.8,74.06176470588235,74,Mild,Moderate,-9.738235294117644,-9.799999999999997,9.799999999999997,TCU04a
62.6,51.157142857142865,51,Moderate,Moderate,-11.442857142857136,-11.600000000000001,11.600000000000001,TCU06a
77.6,74.06176470588235,74,Mild,Moderate,-3.5382352941176407,-3.5999999999999943,3.5999999999999943,TCU10a
