CIP,QA,pred_cal,pred_cal_int,abs_err_cal,abs_err_cal_int
02_002,46.8,51.63333333333333,52,4.833333333333336,5.200000000000003
02_003,41.2,51.63333333333333,52,10.43333333333333,10.799999999999997
02_007,41.8,60.24499999999999,60,18.444999999999993,18.200000000000003
02_008,82.6,51.63333333333333,52,30.96666666666666,30.599999999999994
TCU02a,77.3,71.5793103448276,72,5.720689655172393,5.299999999999997
TCU04a,83.8,70.9205882352941,71,12.879411764705893,12.799999999999997
TCU06a,62.6,55.53076923076923,56,7.069230769230771,6.600000000000001
TCU10a,77.6,63.324999999999996,63,14.274999999999999,14.599999999999994
