MAE,RMSE,R2,Pearson_r,Pearson_p,Spearman_rho,Spearman_p,Acc@1,Acc@5,Acc@10,Exact,severity_accuracy
15.559137579477975,17.56539705563893,-4.082507932128757,-0.5003681403835604,0.49963185961643974,-0.39999999999999997,0.6,0.0,0.0,0.25,0.0,0.25
