QA_real,QA_pred_cont,QA_pred_int,severity_real,severity_pred,error_cont,error_int,abs_error_int,patient_id
77.3,52.214999999999996,52,Mild,Moderate,-25.085,-25.299999999999997,25.299999999999997,TCU02a
83.8,61.98039215686274,62,Mild,Moderate,-21.819607843137256,-21.799999999999997,21.799999999999997,TCU04a
62.6,72.64146628429845,73,Moderate,Moderate,10.041466284298444,10.399999999999999,10.399999999999999,TCU06a
77.6,72.3095238095238,72,Mild,Moderate,-5.290476190476198,-5.599999999999994,5.599999999999994,TCU10a
