MAE,RMSE,R2,Pearson_r,Pearson_p,Spearman_rho,Spearman_p,Acc@1,Acc@5,Acc@10,Exact,severity_accuracy
16.85634841918945,18.614066518850333,-4.707483252402388,-0.5226907440661168,0.4773092559338832,-0.39999999999999997,0.6,0.0,0.0,0.25,0.0,0.0
