QA_real,QA_pred_cont,QA_pred_int,severity_real,severity_pred,error_cont,error_int,abs_error_int,patient_id
77.3,49.36042,49,Mild,Severe,-27.939579772949216,-28.299999999999997,28.299999999999997,TCU02a
83.8,64.20144,64,Mild,Moderate,-19.598561096191403,-19.799999999999997,19.799999999999997,TCU04a
62.6,75.968445,76,Moderate,Mild,13.368444824218749,13.399999999999999,13.399999999999999,TCU06a
77.6,71.08119,71,Mild,Moderate,-6.518807983398432,-6.599999999999994,6.599999999999994,TCU10a
