CIP,QA,pred,err
01_001,44.3,63.508904,19.208904
01_003,34.7,50.389732,15.689732
01_004,87.7,54.874454,-32.825542
01_005,94.9,59.254066,-35.645935
01_007,96.7,52.655315,-44.04468
