QA_real,QA_pred_cont,QA_pred_int,severity_real,severity_pred,error_cont,error_int,abs_error_int,CIP
44.3,51.63333333333333,52,Severe,Moderate,7.333333333333336,7.700000000000003,7.700000000000003,01_001
34.7,51.63333333333333,52,Severe,Moderate,16.93333333333333,17.299999999999997,17.299999999999997,01_003
87.7,51.63333333333333,52,Mild,Moderate,-36.06666666666667,-35.7,35.7,01_004
94.9,51.63333333333333,52,Mild,Moderate,-43.26666666666667,-42.900000000000006,42.900000000000006,01_005
96.7,60.24499999999999,60,Mild,Moderate,-36.45500000000001,-36.7,36.7,01_007
46.8,51.63333333333333,52,Severe,Moderate,4.833333333333336,5.200000000000003,5.200000000000003,02_002
41.2,51.63333333333333,52,Severe,Moderate,10.43333333333333,10.799999999999997,10.799999999999997,02_003
41.8,60.24499999999999,60,Severe,Moderate,18.444999999999993,18.200000000000003,18.200000000000003,02_007
82.6,51.63333333333333,52,Mild,Moderate,-30.96666666666666,-30.599999999999994,30.599999999999994,02_008
