QA_real,QA_pred_cont,QA_pred_int,severity_real,severity_pred,error_cont,error_int,abs_error_int,CIP
44.3,54.633620386780954,55,Severe,Moderate,10.333620386780957,10.700000000000003,10.700000000000003,01_001
34.7,54.63362037086837,55,Severe,Moderate,19.93362037086837,20.299999999999997,20.299999999999997,01_003
87.7,54.571820013278185,55,Mild,Moderate,-33.12817998672182,-32.7,32.7,01_004
94.9,54.624429714315504,55,Mild,Moderate,-40.2755702856845,-39.900000000000006,39.900000000000006,01_005
96.7,57.845686286188645,58,Mild,Moderate,-38.85431371381136,-38.7,38.7,01_007
46.8,54.633540912218045,55,Severe,Moderate,7.833540912218048,8.200000000000003,8.200000000000003,02_002
41.2,54.633620386780954,55,Severe,Moderate,13.433620386780952,13.799999999999997,13.799999999999997,02_003
41.8,60.02564005430128,60,Severe,Moderate,18.22564005430128,18.200000000000003,18.200000000000003,02_007
82.6,54.47458221025665,54,Mild,Moderate,-28.125417789743345,-28.599999999999994,28.599999999999994,02_008
