QA_real,QA_pred_cont,QA_pred_int,severity_real,severity_pred,error_cont,error_int,abs_error_int,CIP
77.3,71.38051140102093,71,Mild,Moderate,-5.919488598979072,-6.299999999999997,6.299999999999997,TCU02a
83.8,67.9967608637303,68,Mild,Moderate,-15.803239136269696,-15.799999999999997,15.799999999999997,TCU04a
62.6,55.33876546364539,55,Moderate,Moderate,-7.261234536354614,-7.600000000000001,7.600000000000001,TCU06a
77.6,61.18114245839564,61,Mild,Moderate,-16.418857541604353,-16.599999999999994,16.599999999999994,TCU10a
