QA_real,QA_pred_cont,QA_pred_int,severity_real,severity_pred,error_cont,error_int,abs_error_int,CIP
77.3,71.5793103448276,72,Mild,Moderate,-5.720689655172393,-5.299999999999997,5.299999999999997,TCU02a
83.8,70.9205882352941,71,Mild,Moderate,-12.879411764705893,-12.799999999999997,12.799999999999997,TCU04a
62.6,55.53076923076923,56,Moderate,Moderate,-7.069230769230771,-6.600000000000001,6.600000000000001,TCU06a
77.6,63.324999999999996,63,Mild,Moderate,-14.274999999999999,-14.599999999999994,14.599999999999994,TCU10a
