CIP,QA,pred_cal,err_cal
02_002,46.8,58.323076923076925,11.523076923076928
02_003,41.2,58.323076923076925,17.123076923076923
02_007,41.8,64.03260869565219,22.23260869565219
02_008,82.6,58.323076923076925,-24.27692307692307
TCU02a,77.3,66.932,-10.367999999999995
TCU04a,83.8,64.03260869565219,-19.76739130434781
TCU06a,62.6,55.807142857142864,-6.792857142857137
TCU10a,77.6,66.932,-10.667999999999992
