CIP,QA,pred,err
01_001,44.3,54.424589741931825,10.124589741931828
01_003,34.7,54.40779815345698,19.707798153456977
01_004,87.7,56.1110912121891,-31.5889087878109
01_005,94.9,57.99509744269549,-36.90490255730452
01_007,96.7,59.52114178779074,-37.17885821220926
