CIP,QA,pred,err
02_002,46.8,54.41495086233525,7.614950862335256
02_003,41.2,54.42458974127531,13.22458974127531
02_007,41.8,58.04310604984296,16.243106049842964
02_008,82.6,54.71740730297472,-27.882592697025274
TCU02a,77.3,56.30353392701415,-20.996466072985847
TCU04a,83.8,71.95093319874098,-11.849066801259013
TCU06a,62.6,57.01087330273241,-5.589126697267588
TCU10a,77.6,72.09962538289423,-5.500374617105763
