CIP,QA,pred,pred_int,abs_err,abs_err_int
01_001,44.3,54.633620386780954,55,10.333620386780957,10.700000000000003
01_003,34.7,54.63362037086837,55,19.93362037086837,20.299999999999997
01_004,87.7,54.571820013278185,55,33.12817998672182,32.7
01_005,94.9,54.624429714315504,55,40.2755702856845,39.900000000000006
01_007,96.7,57.845686286188645,58,38.85431371381136,38.7
