CIP,QA,pred_cal,pred_cal_int,abs_err_cal,abs_err_cal_int
01_001,44.3,51.63333333333333,52,7.333333333333336,7.700000000000003
01_003,34.7,51.63333333333333,52,16.93333333333333,17.299999999999997
01_004,87.7,51.63333333333333,52,36.06666666666667,35.7
01_005,94.9,51.63333333333333,52,43.26666666666667,42.900000000000006
01_007,96.7,60.24499999999999,60,36.45500000000001,36.7
