CIP,QA,pred,pred_int,abs_err,abs_err_int
02_002,46.8,54.633540912218045,55,7.833540912218048,8.200000000000003
02_003,41.2,54.633620386780954,55,13.433620386780952,13.799999999999997
02_007,41.8,60.02564005430128,60,18.22564005430128,18.200000000000003
02_008,82.6,54.47458221025665,54,28.125417789743345,28.599999999999994
TCU02a,77.3,71.38051140102093,71,5.919488598979072,6.299999999999997
TCU04a,83.8,67.9967608637303,68,15.803239136269696,15.799999999999997
TCU06a,62.6,55.33876546364539,55,7.261234536354614,7.600000000000001
TCU10a,77.6,61.18114245839564,61,16.418857541604353,16.599999999999994
