CIP,QA,pred,err
01_001,44.3,88.773873279992,44.473873279992006
01_003,34.7,88.32928043528014,53.62928043528014
01_004,87.7,76.96565118592596,-10.734348814074039
01_005,94.9,66.98949602821305,-27.91050397178695
01_007,96.7,69.2113071203513,-27.48869287964871
