CIP,QA,pred,err
01_001,44.3,58.47064368184145,14.170643681841455
01_003,34.7,58.47064368184157,23.77064368184157
01_004,87.7,62.37133243238692,-25.32866756761308
01_005,94.9,64.58965277900693,-30.31034722099308
01_007,96.7,60.39457444881953,-36.30542555118047
