CIP,QA,pred,err
02_002,46.8,47.653473,0.85347366
02_003,41.2,67.05147,25.851467
02_007,41.8,52.493927,10.693928
02_008,82.6,50.609062,-31.990936
TCU02a,77.3,85.76134,8.461334
TCU04a,83.8,72.20436,-11.595642
TCU06a,62.6,61.18613,-1.413868
TCU10a,77.6,69.04401,-8.555992
