QA_real,QA_pred_cont,QA_pred_int,severity_real,severity_pred,error_cont,error_int,abs_error_int,patient_id
77.3,77.71264195098993,78,Mild,Mild,0.4126419509899364,0.7000000000000028,0.7000000000000028,TCU02a
83.8,62.24058644232548,62,Mild,Moderate,-21.559413557674517,-21.799999999999997,21.799999999999997,TCU04a
62.6,52.222021799294254,52,Moderate,Moderate,-10.377978200705748,-10.600000000000001,10.600000000000001,TCU06a
77.6,57.059840916648625,57,Mild,Moderate,-20.54015908335137,-20.599999999999994,20.599999999999994,TCU10a
