MAE,RMSE,R2,Pearson_r,Pearson_p,Spearman_rho,Spearman_p,Acc@1,Acc@5,Acc@10,Exact,severity_accuracy
15.194406303635509,18.320275044365665,-4.528739170006817,0.31935211158693455,0.6806478884130653,0.21081851067789195,0.7891814893221081,0.0,0.25,0.5,0.0,0.5
