fold,mae
1,16.03379078601594
2,13.180943733215196
3,14.021971912603918
4,15.251500304249946
