,precision,recall,f1-score,support
Very Severe,0.0,0.0,0.0,0.0
Severe,0.0,0.0,0.0,0.0
Moderate,0.3333333333333333,1.0,0.5,1.0
Mild,1.0,0.3333333333333333,0.5,3.0
accuracy,0.5,0.5,0.5,0.5
macro avg,0.3333333333333333,0.3333333333333333,0.25,4.0
weighted avg,0.8333333333333334,0.5,0.5,4.0
