QA_real,QA_pred_cont,QA_pred_int,severity_real,severity_pred,error_cont,error_int,abs_error_int,patient_id
77.3,76.67278597220412,77,Mild,Mild,-0.6272140277958727,-0.29999999999999716,0.29999999999999716,TCU02a
83.8,68.09258342292776,68,Mild,Moderate,-15.707416577072237,-15.799999999999997,15.799999999999997,TCU04a
62.6,55.55790069700324,56,Moderate,Moderate,-7.0420993029967605,-6.600000000000001,6.600000000000001,TCU06a
77.6,62.96734362511615,63,Mild,Moderate,-14.632656374883844,-14.599999999999994,14.599999999999994,TCU10a
