QA_real,QA_pred_cont,QA_pred_int,severity_real,severity_pred,error_cont,error_int,abs_error_int,patient_id
77.3,75.63953488372093,76,Mild,Mild,-1.6604651162790702,-1.2999999999999972,1.2999999999999972,TCU02a
83.8,64.94444444444444,65,Mild,Moderate,-18.855555555555554,-18.799999999999997,18.799999999999997,TCU04a
62.6,48.333333333333336,48,Moderate,Severe,-14.266666666666666,-14.600000000000001,14.600000000000001,TCU06a
77.6,62.32142857142857,62,Mild,Moderate,-15.278571428571425,-15.599999999999994,15.599999999999994,TCU10a
