MAE,RMSE,R2,Pearson_r,Pearson_p,Spearman_rho,Spearman_p,Acc@1,Acc@5,Acc@10,Exact,severity_accuracy
9.502346570687179,11.300687237299375,-1.1036420015897876,0.6877988836731499,0.3122011163268501,0.39999999999999997,0.6,0.25,0.25,0.5,0.0,0.5
