,precision,recall,f1-score,support
Very Severe,0.0,0.0,0.0,0.0
Severe,0.0,0.0,0.0,0.0
Moderate,0.0,0.0,0.0,1.0
Mild,1.0,0.3333333333333333,0.5,3.0
accuracy,0.25,0.25,0.25,0.25
macro avg,0.25,0.08333333333333333,0.125,4.0
weighted avg,0.75,0.25,0.375,4.0
