MAE,RMSE,R2,Pearson_r,Pearson_p,Spearman_rho,Spearman_p,Acc@1,Acc@5,Acc@10,Exact,severity_accuracy
12.515314691768179,14.100191863825456,-2.275006506210206,0.7467590987315674,0.2532409012684327,0.39999999999999997,0.6,0.0,0.25,0.25,0.0,0.25
