group,sum,mean,count
DEN,13.878206152972623,0.3304334798326815,42
DYS,6.0515505425371465,0.27507047920623395,22
LEX,1.4658782687747274,1.4658782687747274,1
