group,sum,mean,count
DEN,8.889329831845982,0.2116507102820472,42
DYS,4.043099880845217,0.18377726731114621,22
LEX,1.3127087140657756,1.3127087140657756,1
