fold,mae
1,13.81183046962826
2,12.39426772289584
3,11.85623006082893
4,13.15339896522812
