MAE,RMSE,R2,Pearson_r,Pearson_p,Spearman_rho,Spearman_p,Acc@1,Acc@5,Acc@10,Exact,severity_accuracy
13.222548198180393,15.768474506386642,-3.095825855944086,0.4902140576178523,0.5097859423821478,0.39999999999999997,0.6,0.25,0.25,0.25,0.0,0.5
