QA_real,QA_pred_cont,QA_pred_int,severity_real,severity_pred,error_cont,error_int,abs_error_int,patient_id
77.3,76.20256410256411,76,Mild,Mild,-1.0974358974358864,-1.2999999999999972,1.2999999999999972,TCU02a
83.8,58.64137931034482,59,Mild,Moderate,-25.15862068965518,-24.799999999999997,24.799999999999997,TCU04a
62.6,52.839215686274514,53,Moderate,Moderate,-9.760784313725487,-9.600000000000001,9.600000000000001,TCU06a
77.6,52.839215686274514,53,Mild,Moderate,-24.76078431372548,-24.599999999999994,24.599999999999994,TCU10a
