group,sum,mean,count
DEN,11.690311043790414,1.670044434827202,7
DYS,6.6307985953304955,1.3261597190660992,5
LEX,3.008808013753003,3.008808013753003,1
