group,sum,mean,count
DEN,12.761283216551101,1.8230404595073002,7
DYS,5.831221365392777,1.1662442730785554,5
LEX,3.0013784227635796,3.0013784227635796,1
