iterations,learning_rate,depth,l2_leaf_reg,border_count,bagging_temperature
267,0.029791041711378977,4,3.390536053051399e-08,103,0.12256327742944684
