,precision,recall,f1-score,support
Very Severe,0.9,0.20454545454545456,0.3333333333333333,44.0
Severe,0.296875,0.34545454545454546,0.31932773109243695,55.0
Moderate,0.5555555555555556,0.6730769230769231,0.6086956521739131,156.0
Mild,0.75,0.7134146341463414,0.73125,164.0
accuracy,0.5966587112171837,0.5966587112171837,0.5966587112171837,0.5966587112171837
macro avg,0.6256076388888889,0.48412288930581615,0.4981516791499208,419.0
weighted avg,0.633877784407319,0.5966587112171837,0.5897642329734634,419.0
