QA_real,QA_pred_cont,QA_pred_int,severity_real,severity_pred,error_cont,error_int,abs_error_int,patient_id
77.3,49.17597118809606,49,Mild,Severe,-28.12402881190394,-28.299999999999997,28.299999999999997,TCU02a
83.8,56.58959528836969,57,Mild,Moderate,-27.210404711630304,-26.799999999999997,26.799999999999997,TCU04a
62.6,58.86455666397464,59,Moderate,Moderate,-3.7354433360253623,-3.6000000000000014,3.6000000000000014,TCU06a
77.6,59.66036900941046,60,Mild,Moderate,-17.939630990589535,-17.599999999999994,17.599999999999994,TCU10a
