MAE,RMSE,R2,Pearson_r,Pearson_p,Spearman_rho,Spearman_p,Acc@1,Acc@5,Acc@10,Exact,severity_accuracy
19.252376962537284,21.605271452695824,-6.689207433996123,-0.28382477814994705,0.716175221850053,0.0,1.0,0.0,0.25,0.25,0.0,0.25
