QA_real,QA_pred_cont,QA_pred_int,severity_real,severity_pred,error_cont,error_int,abs_error_int,patient_id
77.3,51.0,51,Mild,Moderate,-26.299999999999997,-26.299999999999997,26.299999999999997,TCU02a
83.8,57.93999999999998,58,Mild,Moderate,-25.860000000000014,-25.799999999999997,25.799999999999997,TCU04a
62.6,58.004999999999995,58,Moderate,Moderate,-4.595000000000006,-4.600000000000001,4.600000000000001,TCU06a
77.6,58.004999999999995,58,Mild,Moderate,-19.595,-19.599999999999994,19.599999999999994,TCU10a
