MAE,RMSE,R2,Pearson_r,Pearson_p,Spearman_rho,Spearman_p,Acc@1,Acc@5,Acc@10,Exact,severity_accuracy
19.087500000000006,21.008972190471386,-6.270624826265565,-0.1526417892696259,0.8473582107303741,-0.21081851067789195,0.7891814893221081,0.0,0.25,0.25,0.0,0.25
