CIP,QA,pred,err
01_001,44.3,55.98302981274376,11.683029812743762
01_003,34.7,55.98302981275001,21.28302981275001
01_004,87.7,59.662694273841446,-28.037305726158557
01_005,94.9,61.962075485535586,-32.93792451446442
01_007,96.7,57.5462489368192,-39.153751063180806
