CIP,QA,pred,err
02_002,46.8,55.98303137026871,9.183031370268715
02_003,41.2,55.98302981274376,14.783029812743756
02_007,41.8,59.650060951995634,17.850060951995637
02_008,82.6,55.97621778862618,-26.623782211373815
TCU02a,77.3,65.50271124644048,-11.797288753559513
TCU04a,83.8,62.598133115871036,-21.20186688412896
TCU06a,62.6,53.732332365283455,-8.867667634716547
TCU10a,77.6,62.20600918144093,-15.393990818559061
