group,sum,mean,count
DEN,9.013706259526778,0.21461205379825662,42
DYS,4.166878754112791,0.1894035797323996,22
LEX,1.3857039012825736,1.3857039012825736,1
