group,sum,mean,count
DEN,13.280996771803029,0.31621420885245305,42
DYS,5.853928853694109,0.26608767516791404,22
LEX,1.50345720202803,1.50345720202803,1
